x,y
-0.25,0.0
-0.1494080000000011,0.0
-0.048816999999999666,0.0
0.05177499999999924,0.0
0.1523670000000017,0.0
0.2529590000000006,0.0
0.3535499999999985,0.0
0.45414200000000093,0.0
0.5547339999999998,0.0
0.6553250000000013,0.0
0.7559170000000002,0.0
0.8565090000000026,0.0
0.9571010000000015,0.0
1.0576919999999994,0.0
1.1582840000000019,0.0
1.2588760000000008,0.0
1.3594670000000022,0.0
1.460059000000001,0.0
1.560651,0.0
1.661242999999999,0.0
1.7618340000000003,0.0
1.8624259999999992,0.0
1.9630179999999982,0.0
2.0636089999999996,0.0
2.1642009999999985,0.0
2.2647929999999974,0.0
2.365385,0.0
2.4659759999999977,0.0
2.566568,0.0
2.6671600000000026,0.0
2.7677510000000005,0.0
2.8683429999999994,0.0
2.968935000000002,0.0
3.069527000000001,0.0
3.170118000000002,0.0
3.270710000000001,0.0
3.371302,0.0
3.4718930000000015,0.0
3.5724850000000004,0.0
3.6730769999999993,0.0
3.773668999999998,0.0
3.8742599999999996,0.0
3.9748519999999985,0.0
4.075443999999997,0.0
4.176036,0.0
4.276626999999998,0.0
4.377219,0.0
4.477811000000003,0.0
4.5784020000000005,0.0
4.678993999999999,0.0
4.779586000000002,0.0
4.880178000000001,0.0
4.980769000000002,0.0
5.081361000000001,0.0
5.181953,0.0
5.2825440000000015,0.0
5.383136,0.0
5.483727999999999,0.0
5.584319999999998,0.0
5.684911,0.0
5.7855029999999985,0.0
5.886094999999997,0.0
5.986685999999999,0.0
6.087277999999998,0.0
6.18787,0.0
6.288462000000003,0.0
6.3890530000000005,0.0
6.489644999999999,0.0
6.590237000000002,0.0
6.690828,0.0
6.791420000000002,0.0
6.892012000000001,0.0
6.992604,0.0
7.0931950000000015,0.0
7.193787,0.0
7.294378999999999,0.0
7.394970000000001,0.0
7.495562,0.0
7.5961539999999985,0.0
7.696745999999997,0.0
7.797336999999999,0.0
7.897928999999998,0.0
7.998521,0.0
8.099111999999998,0.0
8.199704,0.0
8.300296,0.0
8.400888000000002,0.0
8.501479,0.0
8.602071000000002,0.0
8.702663000000001,0.0
8.803253999999999,0.0
8.903846000000001,0.0
9.004438,0.0
9.10503,0.0
9.205621,0.0
9.306213,0.0
9.406804999999999,0.0
9.507396,0.0
9.607987999999999,0.0
9.708580000000001,0.0
9.809172,0.0
9.909762999999998,0.0
10.010355,0.0
10.110947,0.0
10.211538000000001,0.0
10.31213,0.0
10.412721999999999,0.0
10.513314000000001,0.0
10.613904999999999,0.0
10.714497000000001,0.0
10.815089,0.0
10.915680000000002,0.0
11.016272,0.0
11.116864,0.0
11.217455999999999,0.0
11.318047,0.0
11.418638999999999,0.0
11.519231000000001,0.0
11.619822,0.0
11.720413999999998,0.0
11.821006,0.0
11.921598,0.0
12.022189000000001,0.0
12.122781,0.0
12.223372999999999,0.0
12.323964,0.0
12.424555999999999,0.0
12.525148000000002,0.0
12.62574,0.0
12.726331000000002,0.0
12.826923,0.0
12.927515,0.0
13.028106999999999,0.0
13.128698,0.0
13.229289999999999,0.0
13.329881999999998,0.0
13.430473,0.0
13.531064999999998,0.0
13.631657,0.0
13.732249,0.0
13.832840000000001,0.0
13.933432,0.0
14.034024000000002,0.0
14.134615,0.0
14.235206999999999,0.0
14.335799000000002,0.0
14.436391,0.0
14.536982000000002,0.0
14.637574,0.0
14.738166,0.0
14.838757000000001,0.0
14.939349,0.0
15.039940999999999,0.0
15.140532999999998,0.0
15.241124,0.0
15.341715999999998,0.0
15.442307999999997,0.0
15.542898999999998,0.0
15.643490999999997,0.0
15.744083000000003,0.0
15.844675000000002,0.0
15.945266000000004,0.0
16.045857999999996,0.0
16.14645,0.0
16.247040999999996,0.0
16.347633000000002,0.0
16.448225,0.0
16.548817,0.0
16.649408,0.0
16.75,0.0
16.861559999999997,-0.003303
16.973039,-0.00797
17.08442,-0.013998
17.195687,-0.021387
17.306824,-0.030134
17.417812999999995,-0.040238
17.528639,-0.051696
17.639284000000004,-0.064505
17.749733,-0.078663
17.859967999999995,-0.094166
17.969974,-0.111013
18.079733000000004,-0.129199
18.189231,-0.148721
18.298449000000005,-0.169576
18.407373,-0.191759
18.515986999999996,-0.215266
18.624273000000002,-0.240094
18.732216,-0.266237
18.839799999999997,-0.293691
18.947009,-0.322451
19.053827,-0.352512
19.160239000000004,-0.383869
19.266228999999996,-0.416516
19.37178,-0.450447
19.476878,-0.485658
19.581508,-0.522141
19.685652000000005,-0.559891
19.789298000000002,-0.598901
19.892427999999995,-0.639165
19.995028000000005,-0.680675
20.097082999999998,-0.723426
20.198577,-0.767409
20.299497000000002,-0.812618
20.399827000000002,-0.859045
20.499552,-0.906682
20.598658999999998,-0.955522
20.697131999999996,-1.005556
20.794956,-1.056776
20.892119,-1.109175
20.988605,-1.162743
21.084400000000002,-1.217471
21.179491,-1.273352
21.273864000000003,-1.330375
21.367505,-1.388532
21.4604,-1.447813
21.552536000000003,-1.508209
21.643899000000005,-1.569709
21.734477,-1.632305
21.824256,-1.695986
21.913223000000002,-1.760742
22.001365,-1.826562
22.08867,-1.893437
22.175125,-1.961355
22.260717,-2.030306
22.345435000000002,-2.100278
22.429265,-2.171261
22.512197,-2.243244
22.594217999999998,-2.316214
22.675314999999998,-2.390162
22.755479,-2.465074
22.834697,-2.540939
22.912958000000003,-2.617746
22.990250000000003,-2.695481
23.066563000000002,-2.774134
23.141886,-2.853691
23.216208,-2.93414
23.289519,-3.015469
23.361807999999996,-3.097665
23.433065,-3.180715
23.503279,-3.264606
23.572441999999995,-3.349325
23.640543,-3.434859
23.707572999999996,-3.521195
23.773521000000002,-3.608319
23.83838,-3.696217
23.902140000000003,-3.784877
23.964790999999998,-3.874283
24.026325999999997,-3.964423
24.086736000000002,-4.055283
24.146011,-4.146848
24.204144999999997,-4.239105
24.261128999999997,-4.332039
24.316955,-4.425635
24.371616000000003,-4.51988
24.425103,-4.614759
24.47741,-4.710257
24.528530000000003,-4.80636
24.578454999999998,-4.903052
24.627178999999998,-5.00032
24.674695,-5.098147
24.720996,-5.19652
24.766078,-5.295423
24.809932000000003,-5.39484
24.852555000000002,-5.494758
24.893939000000003,-5.595159
24.93408,-5.69603
24.972972,-5.797355
25.01061,-5.899118
25.04699,-6.001303
25.082105999999996,-6.103896
25.115954000000002,-6.20688
25.148528999999996,-6.310241
25.179828,-6.413961
25.209846999999996,-6.518026
25.238582,-6.62242
25.266029000000003,-6.727126
25.292185000000003,-6.832129
25.317047000000002,-6.937413
25.340611000000003,-7.042963
25.362876,-7.148761
25.383837999999997,-7.254793
25.403496000000004,-7.361041
25.421846000000002,-7.467491
25.438887,-7.574125
25.454617999999996,-7.680929
25.469036000000003,-7.787885
25.482141,-7.894977
25.49393,-8.00219
25.504404,-8.109508
25.513560999999996,-8.216914
25.521400999999997,-8.324391
25.527923,-8.431925
25.533127,-8.539498
25.537014,-8.647095
25.542201,-8.75459
25.546073,-8.862139
25.548630000000003,-8.969728
25.549870999999996,-9.07734
25.549796,-9.184959
25.548403999999998,-9.292569
25.545697000000004,-9.400155
25.541674999999998,-9.507699
25.536337000000003,-9.615185
25.529685,-9.722599
25.521721,-9.829923
25.512444000000002,-9.937142
25.501857,-10.044239
25.489961,-10.151199
25.476758000000004,-10.258005
25.462249,-10.364642
25.446438,-10.471093
25.429326000000003,-10.577343
25.410916,-10.683376
25.391211,-10.789176
25.370213,-10.894727
25.347926,-11.000013
25.324353000000002,-11.105019
25.299498,-11.209728
25.273364,-11.314126
25.245955000000002,-11.418197
25.217276,-11.521924
25.187330000000003,-11.625293
25.156121999999996,-11.728288
25.123657,-11.830894
25.08994,-11.933095
25.054975999999996,-12.034876
25.018769,-12.136222
24.981325999999996,-12.237117
24.942652000000002,-12.337547
24.902752,-12.437497
24.861632999999998,-12.536951
24.819300999999996,-12.635895
24.775762,-12.734314
24.731023,-12.832193
24.685090000000002,-12.929517
24.637969999999996,-13.026273
24.589670999999996,-13.122445
24.540199,-13.218019
24.489562,-13.312981
24.437767,-13.407317
24.384822999999997,-13.501012
24.330737,-13.594053
24.275517,-13.686425
24.219171000000003,-13.778115
24.161709000000002,-13.86911
24.103137000000004,-13.959394
24.043467,-14.048956
23.982704999999996,-14.137781
23.920862,-14.225857
23.857946,-14.31317
23.793967000000002,-14.399706
23.728935,-14.485454
23.662858999999997,-14.5704
23.595748999999998,-14.654532
23.527614999999997,-14.737837
23.458467,-14.820302
23.388317,-14.901916
23.317172999999997,-14.982665
23.245047,-15.062539
23.171949999999995,-15.141524
23.097892,-15.219609
23.022885000000002,-15.296784
22.946939999999998,-15.373035
22.870068000000003,-15.448351
22.792279999999998,-15.522722
22.713589,-15.596136
22.634006,-15.668582
22.553543000000005,-15.74005
22.472212,-15.810528
22.390026,-15.880006
22.306995,-15.948474
22.223134,-16.015922
22.138453999999996,-16.082339
22.052968,-16.147715
21.966689000000002,-16.212041
21.87963,-16.275307
21.791804,-16.337504
21.703223,-16.398622
21.613901999999996,-16.458652
21.523854,-16.517586
21.433091000000005,-16.575413
21.341628,-16.632127
21.249477999999996,-16.687717
21.156655999999998,-16.742177
21.063174000000004,-16.795497
20.969047000000003,-16.847671
20.874289000000005,-16.898689
20.778914999999998,-16.948544
20.682936999999995,-16.99723
20.586371999999997,-17.044738
20.489233,-17.091062
20.391534,-17.136194
20.293290999999996,-17.180128
20.194518000000002,-17.222857
20.09523,-17.264376
19.995441999999997,-17.304677
19.895167999999998,-17.343754
19.794424,-17.381602
19.693224,-17.418216
19.591583999999997,-17.453589
19.48952,-17.487717
19.387045,-17.520594
19.284176000000002,-17.552215
19.180929,-17.582576
19.077317,-17.611672
18.973358000000005,-17.639498
18.869066000000004,-17.666052
18.764457,-17.691327
18.659546,-17.715322
18.554350999999997,-17.738032
18.448885000000004,-17.759454
18.343165,-17.779584
18.237206999999998,-17.79842
18.131027000000003,-17.815959
18.024640000000005,-17.832198
17.918062,-17.847135
17.81131,-17.860767
17.704398999999995,-17.873093
17.597345000000004,-17.88411
17.490164,-17.893817
17.382873000000004,-17.902213
17.275487,-17.909296
17.168023000000005,-17.915066
17.060496,-17.919521
16.952922,-17.92266
16.845319000000003,-17.924484
16.737701,-17.924991
16.630083999999997,-17.924183
16.522486,-17.922058
16.414922000000004,-17.918618
16.307408000000002,-17.913863
16.199960000000004,-17.907793
16.092594,-17.90041
15.985326999999998,-17.891714
15.878174000000001,-17.881707
15.771151000000003,-17.870391
15.664275000000004,-17.857766
15.557561,-17.843835
15.451025999999999,-17.828601
15.344684999999998,-17.812064
15.238554,-17.794229
15.132649,-17.775097
15.026986,-17.754671
14.921579999999999,-17.732955
14.816448000000001,-17.709951
14.711606,-17.685663
14.607067999999998,-17.660095
14.502850000000002,-17.63325
14.398969000000001,-17.605133
14.295439000000002,-17.575747
14.192277,-17.545098
14.089497000000001,-17.513189
13.987115,-17.480026
13.885145999999999,-17.445614
13.783605000000001,-17.409956
13.682507999999999,-17.37306
13.581870000000002,-17.33493
13.481705999999999,-17.295573
13.382030999999998,-17.254993
13.282859000000002,-17.213197
13.184206,-17.170192
13.086086000000002,-17.125983
12.988514000000002,-17.080578
12.891505000000002,-17.033983
12.795073000000002,-16.986205
12.699232000000002,-16.937252
12.603997,-16.88713
12.509381999999999,-16.835847
12.415402,-16.783411
12.322068999999999,-16.729829
12.229399,-16.67511
12.137405000000001,-16.619262
12.046101,-16.562293
11.9555,-16.504212
11.865617,-16.445027
11.776464,-16.384748
11.688054999999999,-16.323382
11.600401999999999,-16.26094
11.513521,-16.197431
11.427422,-16.132864
11.342119,-16.067249
11.257625,-16.000596
11.173952,-15.932914
11.091114000000001,-15.864214
11.009121999999998,-15.794506
10.927988,-15.723801
10.847725,-15.652109
10.768345,-15.579441
10.68986,-15.505807
10.612279999999998,-15.431219
10.535619,-15.355688
10.459887000000002,-15.279225
10.385096,-15.201841
10.311257000000001,-15.123549
10.238381,-15.04436
10.166478999999999,-14.964285
10.095561,-14.883337
10.025638999999998,-14.801528
9.956722,-14.718869
9.888821,-14.635374
9.821947000000002,-14.551055
9.756108000000001,-14.465925
9.691316,-14.379996
9.627579,-14.29328
9.564907999999999,-14.205792
9.503311,-14.117544
9.442798,-14.028549
9.383378,-13.938821
9.325059,-13.848373
9.267851,-13.757219
9.211762,-13.665371
9.156801000000002,-13.572845
9.102975,-13.479653
9.050293,-13.38581
8.998762,-13.29133
8.948391,-13.196227
8.899186,-13.100515
8.851156,-13.004208
8.804307000000001,-12.907321
8.758645999999999,-12.809869
8.714179999999999,-12.711865
8.670917,-12.613325
8.628861,-12.514263
8.58802,-12.414695
8.5484,-12.314634
8.510007000000002,-12.214096
8.472846,-12.113096
8.436923,-12.01165
8.402242999999999,-11.909771
8.368811999999998,-11.807476
8.336634,-11.70478
8.305714000000002,-11.601698
8.276057000000002,-11.498246
8.247668,-11.394439
8.22055,-11.290292
8.194707999999999,-11.185822
8.170146000000003,-11.081043
8.146867,-10.975972
8.124873999999998,-10.870624
8.104171000000001,-10.765014
8.084761999999998,-10.65916
8.066648,-10.553076
8.049833,-10.446778
8.034320000000001,-10.340283
8.020108999999998,-10.233606
8.007204999999999,-10.126764
7.995608000000001,-10.019771
7.9853200000000015,-9.912645
7.976343,-9.8054
7.968678000000001,-9.698055
7.962327000000002,-9.590623
7.95729,-9.483122
7.953568000000001,-9.375567
7.951162,-9.267974
7.950071000000001,-9.160361
7.950296999999999,-9.052742
7.951838000000002,-8.945134
7.954695999999998,-8.837552
7.958869,-8.730014
7.964357,-8.622535
7.971158000000003,-8.515131
7.979272999999999,-8.407818
7.9887000000000015,-8.300612
7.999435999999999,-8.19353
8.011482,-8.086587
8.024833999999998,-7.979799
8.039492,-7.873183
8.055452000000002,-7.766754
8.072712,-7.660528
8.091270999999999,-7.554521
8.111124,-7.448748
8.132269,-7.343227
8.154702999999998,-7.237972
8.178423000000002,-7.132999
8.203425,-7.028324
8.229703999999998,-6.923963
8.257258999999998,-6.819931
8.286082999999998,-6.716244
8.316173,-6.612917
8.347524999999997,-6.509965
8.380133,-6.407405
8.413992999999998,-6.305251
8.449099,-6.203519
8.485447999999998,-6.102224
8.523032,-6.001381
8.561847,-5.901005
8.601886,-5.801111
8.643144,-5.701715
8.685614000000001,-5.60283
8.729291,-5.504472
8.774166999999998,-5.406656
8.820236000000001,-5.309396
8.86749,-5.212706
8.915924,-5.116602
8.965530000000001,-5.021097
9.016299,-4.926206
9.068226,-4.831942
9.121300999999999,-4.738321
9.175517,-4.645356
9.230865999999999,-4.553061
9.28734,-4.46145
9.344929,-4.370536
9.403627,-4.280333
9.463422000000001,-4.190855
9.524308000000001,-4.102115
9.586275,-4.014126
9.649312000000002,-3.926901
9.713411999999998,-3.840454
9.778564,-3.754797
9.844759,-3.669943
9.911985999999999,-3.585905
9.980236999999999,-3.502696
10.049499,-3.420327
10.119764,-3.338812
10.191021,-3.258162
10.263258,-3.178389
10.336465,-3.099506
10.410632,-3.021524
10.485747,-2.944455
10.561799,-2.86831
10.638776,-2.793101
10.716667000000001,-2.718839
10.795461,-2.645535
10.875145,-2.5732
10.955708000000001,-2.501845
11.037137000000001,-2.431481
11.119420999999999,-2.362117
11.202547,-2.293766
11.286501999999999,-2.226435
11.371275,-2.160137
11.456851999999998,-2.09488
11.543220999999999,-2.030675
11.630369000000002,-1.96753
11.718282000000002,-1.905456
11.806947000000001,-1.844462
11.896352,-1.784557
11.986483,-1.725749
12.077327,-1.668049
12.168869,-1.611463
12.261096000000002,-1.556001
12.353995000000001,-1.501671
12.447551,-1.448482
12.541750999999998,-1.39644
12.636580000000002,-1.345554
12.732024,-1.295832
12.828069,-1.247281
12.924700999999999,-1.199908
13.021905,-1.15372
13.119666000000002,-1.108724
13.217970000000001,-1.064928
13.316803,-1.022336
13.416149,-0.980957
13.515994,-0.940795
13.616322,-0.901858
13.717119,-0.864151
13.818370000000002,-0.827678
13.920059000000002,-0.792447
14.022171,-0.758462
14.124690999999999,-0.725729
14.227604,-0.694251
14.330894999999998,-0.664035
14.434547000000002,-0.635084
14.538545,-0.607403
14.642873999999999,-0.580995
14.747518,-0.555865
14.852462000000003,-0.532017
14.957689000000002,-0.509455
15.063185000000004,-0.48818
15.168931999999998,-0.468198
15.274917000000002,-0.44951
15.381121999999998,-0.432119
15.487531000000004,-0.416029
15.59413,-0.401241
15.700901000000002,-0.387758
15.807828999999998,-0.375582
15.914898,-0.364714
16.022092,-0.355157
16.129395000000002,-0.346911
16.236790999999997,-0.339978
16.344262999999998,-0.334359
16.451796,-0.330054
16.559374,-0.327065
16.666980000000002,-0.325392
16.774598999999995,-0.325034
16.882214000000005,-0.325993
16.989809,-0.328268
17.097368000000003,-0.331859
17.204876,-0.336764
17.312314999999998,-0.342984
17.419669999999996,-0.350518
17.526925,-0.359363
17.634063999999995,-0.36952
17.741071000000005,-0.380986
17.847929,-0.39376
17.954623999999995,-0.40784
18.061138,-0.423223
18.167456,-0.439908
18.273562,-0.457892
18.379440000000002,-0.477172
18.485073999999997,-0.497746
18.590449,-0.519609
18.695549,-0.54276
18.800356999999998,-0.567195
18.904859000000002,-0.592909
19.009039,-0.619899
19.112881,-0.648161
19.216369999999998,-0.677691
19.319489000000004,-0.708485
19.422224999999997,-0.740537
19.52456,-0.773843
19.626481,-0.808399
19.727972,-0.844198
19.829017,-0.881235
19.929600999999998,-0.919506
20.02971,-0.959003
20.129329,-0.999722
20.228442,-1.041657
20.327034999999995,-1.0848
20.425093000000004,-1.129145
20.522601,-1.174687
20.619545000000002,-1.221417
20.715911,-1.26933
20.811683000000002,-1.318417
20.906847999999997,-1.368673
21.001390999999998,-1.420088
21.095298,-1.472655
21.188555,-1.526367
21.281149,-1.581215
21.373064999999997,-1.637192
21.464289,-1.694288
21.554809,-1.752496
21.644609000000003,-1.811806
21.733677999999998,-1.872211
21.822001,-1.9337
21.909565999999998,-1.996264
21.996358999999998,-2.059895
22.082368000000002,-2.124582
22.167579000000003,-2.190316
22.251979,-2.257087
22.335557,-2.324886
22.418300000000002,-2.393702
22.500194,-2.463524
22.581229,-2.534342
22.661392,-2.606147
22.74067,-2.678926
22.819052999999997,-2.752669
22.896528000000004,-2.827366
22.973083000000003,-2.903004
23.048708000000005,-2.979573
23.123390999999998,-3.057061
23.197120999999996,-3.135456
23.269886,-3.214747
23.341676,-3.294922
23.412481,-3.375969
23.482289,-3.457876
23.551090000000002,-3.540631
23.618873999999998,-3.624221
23.685630000000003,-3.708633
23.751350000000002,-3.793855
23.816022000000004,-3.879875
23.879637000000002,-3.966679
23.942186,-4.054255
24.003659999999996,-4.142589
24.064048999999997,-4.231668
24.123343,-4.32148
24.181534999999997,-4.412009
24.238616,-4.503243
24.294576,-4.595169
24.349407999999997,-4.687772
24.403104,-4.781039
24.455655,-4.874955
24.507053999999997,-4.969507
24.557292000000004,-5.064681
24.606363,-5.160462
24.654258999999996,-5.256835
24.700972,-5.353788
24.746496999999998,-5.451304
24.790824999999998,-5.54937
24.833951,-5.64797
24.875867999999997,-5.747091
24.916569000000003,-5.846716
24.956049999999998,-5.946832
24.994303000000002,-6.047424
25.031322000000003,-6.148475
25.067104,-6.249972
25.101641,-6.351899
25.134929,-6.45424
25.166964,-6.556981
25.197739,-6.660106
25.227251000000003,-6.7636
25.255494999999996,-6.867447
25.282468,-6.971631
25.308163999999998,-7.076138
25.33258,-7.180951
25.355711999999997,-7.286054
25.377556999999996,-7.391433
25.398111999999998,-7.497071
25.417374000000002,-7.602953
25.435339,-7.709062
25.452005999999997,-7.815383
25.467371,-7.921899
25.481431999999998,-8.028596
25.494186999999997,-8.135457
25.505634,-8.242465
25.515772,-8.349606
25.524599000000002,-8.456863
25.532114,-8.564219
25.538314999999997,-8.67166
25.543202,-8.779168
25.546774,-8.886728
25.549030000000002,-8.994323
25.549970000000002,-9.101939
25.549594,-9.209557
25.547902,-9.317163
25.544894,-9.42474
25.540570000000002,-9.532273
25.534931999999998,-9.639744
25.527980999999997,-9.747139
25.519716000000003,-9.85444
25.51014,-9.961632
25.499252999999996,-10.0687
25.487057999999998,-10.175626
25.473556000000002,-10.282394
25.458750000000002,-10.38899
25.442641000000002,-10.495397
25.425232,-10.601599
25.406526,-10.70758
25.386525,-10.813324
25.365232,-10.918816
25.342651000000004,-11.02404
25.318785,-11.128979
25.293637000000004,-11.233619
25.267211000000003,-11.337943
25.239511,-11.441937
25.210542000000004,-11.545584
25.180307999999997,-11.648868
25.148812,-11.751776
25.116061000000002,-11.85429
25.082058000000004,-11.956397
25.046808999999996,-12.05808
25.010319000000003,-12.159324
24.972594,-12.260114
24.933639,-12.360436
24.893461000000002,-12.460274
24.852064,-12.559612
24.809455,-12.658438
24.765641000000002,-12.756734
24.720629000000002,-12.854488
24.674424000000002,-12.951684
24.627034000000002,-13.048307
24.578466,-13.144344
24.528727000000003,-13.239779
24.477824999999996,-13.334599
24.425767,-13.42879
24.372561000000005,-13.522337
24.318213999999998,-13.615226
24.262737,-13.707444
24.206135000000003,-13.798976
24.148418,-13.889809
24.089595000000003,-13.97993
24.029674,-14.069324
23.968665,-14.15798
23.906575000000004,-14.245882
23.843416000000005,-14.333018
23.779195,-14.419376
23.713923,-14.504942
23.64761,-14.589703
23.580264999999997,-14.673647
23.511899,-14.75676
23.442521,-14.839032
23.372141999999997,-14.920449
23.300773,-15.001
23.228424000000004,-15.080671
23.155107,-15.159452
23.080831000000003,-15.23733
23.005607999999995,-15.314294
22.929450000000003,-15.390333
22.852368,-15.465434
22.774372999999997,-15.539587
22.695476999999997,-15.612781
22.615691999999996,-15.685004
22.53503,-15.756247
22.453502,-15.826497
22.371121000000002,-15.895746
22.2879,-15.963981
22.203850000000003,-16.031194
22.118985000000002,-16.097374
22.033316999999997,-16.162511
21.946858,-16.226596
21.859623,-16.289618
21.771622999999998,-16.351569
21.682872000000003,-16.412439
21.593383000000003,-16.47222
21.503169999999997,-16.530901
21.412245999999996,-16.588475
21.320625,-16.644933
21.228319999999997,-16.700265
21.135346,-16.754465
21.041716,-16.807524
20.947443,-16.859434
20.852542999999997,-16.910187
20.75703,-16.959776
20.660916999999998,-17.008193
20.564219,-17.055431
20.466951,-17.101483
20.369126,-17.146342
20.270761,-17.190001
20.171869,-17.232454
20.072465,-17.273695
19.972564,-17.313717
19.872181999999995,-17.352514
19.771332,-17.39008
19.670029999999997,-17.426411
19.568292,-17.4615
19.466133,-17.495342
19.363567000000003,-17.527932
19.26061,-17.559266
19.157277,-17.589338
19.053584999999998,-17.618144
18.949548,-17.64568
18.845182,-17.671942
18.740503000000004,-17.696925
18.635526,-17.720626
18.530266999999995,-17.743042
18.424741999999995,-17.764169
18.318967,-17.784004
18.212956,-17.802543
18.106727,-17.819785
18.000295,-17.835727
17.893676,-17.850366
17.786885999999996,-17.863699
17.679941,-17.875726
17.572857,-17.886444
17.465649999999997,-17.895852
17.358336,-17.903948
17.250929999999997,-17.910731
17.14345,-17.9162
17.035911,-17.920354
16.928329000000005,-17.923193
16.820721,-17.924716
16.713102,-17.924923
16.605488,-17.923813
16.497895999999997,-17.921388
16.390342000000004,-17.917647
16.282842000000002,-17.912591
16.175410999999997,-17.906221
16.068067,-17.898538
15.960824000000002,-17.889542
15.853700000000003,-17.879236
15.746708999999996,-17.86762
15.639868,-17.854697
15.533194000000002,-17.840468
15.426701999999999,-17.824936
15.320407000000003,-17.808102
15.214326,-17.78997
15.108474999999999,-17.770542
15.002870000000001,-17.749821
14.897525000000002,-17.72781
14.792457999999996,-17.704512
14.687684,-17.679931
14.583218000000002,-17.654071
14.479076,-17.626935
14.375273,-17.598528
14.271826,-17.568853
14.16875,-17.537916
14.066059,-17.50572
13.96377,-17.47227
13.861898,-17.437573
13.760458,-17.401632
13.659464,-17.364453
13.558933,-17.326042
13.45888,-17.286405
13.359318000000002,-17.245546
13.260263000000002,-17.203474
13.161731,-17.160193
13.063735000000001,-17.11571
12.96629,-17.070033
12.869412,-17.023167
12.773113000000002,-16.975119
12.677410000000002,-16.925898
12.582315999999999,-16.87551
12.487843999999999,-16.823963
12.394010999999999,-16.771264
12.300829,-16.717422
12.208312,-16.662444
12.116474,-16.606339
12.02533,-16.549116
11.934891999999998,-16.490781
11.845174,-16.431345
11.75619,-16.370817
11.667953,-16.309205
11.580475,-16.246518
11.493770999999999,-16.182766
11.407853,-16.117958
11.322734,-16.052105
11.238427000000001,-15.985216
11.154944,-15.917301
11.072298,-15.848369
10.990501000000002,-15.778433
10.909565,-15.707501
10.829502999999999,-15.635585
10.750326000000001,-15.562695
10.672047,-15.488842
10.594676,-15.414037
10.518227,-15.338292
10.442709,-15.261618
10.368134000000001,-15.184026
10.294514,-15.105527
10.22186,-15.026134
10.150182000000001,-14.945859
10.079491,-14.864713
10.009796999999999,-14.782709
9.941112,-14.699858
9.873445,-14.616174
9.806806000000002,-14.531668
9.741205999999998,-14.446354
9.676654,-14.360244
9.61316,-14.273351
9.550733000000001,-14.185688
9.489383,-14.097268
9.429119,-14.008104
9.36995,-13.91821
9.311885,-13.8276
9.254932,-13.736285
9.199100000000001,-13.644282
9.144396999999998,-13.551602
9.090831999999999,-13.45826
9.038412000000001,-13.364271
8.987146,-13.269647
8.937041,-13.174403
8.888103999999998,-13.078554
8.840343,-12.982113
8.793765,-12.885096
8.748376999999998,-12.787516
8.704185000000003,-12.689389
8.661197000000001,-12.590728
8.619419,-12.491549
8.578857,-12.391866
8.539515999999999,-12.291695
8.501404,-12.191051
8.464526,-12.089947
8.428885999999999,-11.988401
8.394491000000002,-11.886426
8.361345999999998,-11.784038
8.329455,-11.681252
8.298824,-11.578084
8.269457,-11.474549
8.241357999999998,-11.370663
8.214531000000001,-11.266441
8.188980999999998,-11.161899
8.164712000000002,-11.057052
8.141725999999998,-10.951916
8.120027999999998,-10.846507
8.099620999999999,-10.74084
8.080507,-10.634932
8.06269,-10.528798
8.046171999999999,-10.422454
8.030956,-10.315915
8.017043999999999,-10.209199
8.004438999999998,-10.102321
7.993141000000001,-9.995296
7.9831530000000015,-9.888142
7.974474999999998,-9.780873
7.967110999999999,-9.673506
7.96106,-9.566057
7.956322999999998,-9.458542
7.952902000000002,-9.350977
7.950796,-9.243378
7.950006999999999,-9.135762
7.950533,-9.028144
7.952376000000001,-8.920541
7.955534,-8.812968
7.960006999999997,-8.705441
7.965795999999997,-8.597978
7.972898000000001,-8.490593
7.981312000000003,-8.383304
7.991038,-8.276125
8.002074,-8.169073
8.014419,-8.062164
8.02807,-7.955414
8.043025,-7.848839
8.059283,-7.742455
8.07684,-7.636277
8.095694000000002,-7.530323
8.115842999999998,-7.424607
8.137283,-7.319145
8.160012000000002,-7.213953
8.184024999999998,-7.109047
8.209319,-7.004442
8.235889999999998,-6.900155
8.263735,-6.7962
8.292849,-6.692594
8.323228,-6.589351
8.354866999999999,-6.486488
8.387762000000002,-6.384019
8.421906999999997,-6.281961
8.457298000000002,-6.180327
8.493929999999999,-6.079134
8.531796,-5.978396
8.570891,-5.878129
8.611209000000002,-5.778348
8.652745,-5.679067
8.695491,-5.580301
8.739442,-5.482066
8.784592,-5.384376
8.830932,-5.287244
8.878457000000001,-5.190687
8.92716,-5.094719
8.977032000000001,-4.999353
9.028067,-4.904604
9.080255999999999,-4.810486
9.133593000000001,-4.717014
9.188068999999999,-4.624201
9.243676,-4.532061
9.300404999999998,-4.440607
9.358249,-4.349855
9.417197999999999,-4.259817
9.477243000000001,-4.170506
9.538377,-4.081936
9.600589,-3.994121
9.66387,-3.907073
9.728211000000002,-3.820805
9.793603000000001,-3.73533
9.860033999999999,-3.650662
9.927496999999999,-3.566813
9.995978999999998,-3.483794
10.065472,-3.40162
10.135964000000001,-3.320301
10.207446000000001,-3.23985
10.279906,-3.16028
10.353334,-3.081602
10.427717999999999,-3.003828
10.503048,-2.926969
10.579312000000002,-2.851037
10.656500000000001,-2.776043
10.734597999999998,-2.701999
10.813596,-2.628916
10.893481999999999,-2.556804
10.974243999999999,-2.485674
11.055869999999999,-2.415538
11.138347,-2.346405
11.221664,-2.278285
11.305807000000001,-2.21119
11.390765000000002,-2.145129
11.476524000000001,-2.080111
11.563071999999998,-2.016148
11.650396,-1.953247
11.738482000000001,-1.891419
11.827317999999998,-1.830673
11.916890000000002,-1.771018
12.007185,-1.712463
12.098189999999999,-1.655016
12.189889999999998,-1.598687
12.282271999999999,-1.543483
12.375322,-1.489413
12.469026,-1.436485
12.563371,-1.384707
12.658342000000001,-1.334086
12.753925000000002,-1.284631
12.850105,-1.236349
12.946869,-1.189246
13.044201999999999,-1.14333
13.142088000000001,-1.098608
13.240515000000002,-1.055086
13.339466000000002,-1.012771
13.438927,-0.97167
13.538884,-0.931787
13.639320999999999,-0.893131
13.740223,-0.855705
13.915865,-0.793028
14.092252000000002,-0.732478
14.269311000000002,-0.673923
14.446975000000002,-0.617229
14.625180999999998,-0.562262
14.803870000000003,-0.508884
14.982985999999997,-0.456956
15.162476999999996,-0.406341
15.342294000000003,-0.356898
15.522391999999996,-0.308486
15.702725999999998,-0.260963
15.883256000000003,-0.214187
16.063941999999997,-0.168015
16.244743999999997,-0.122304
16.425627,-0.076911
16.606552999999998,-0.031692
16.787487,0.013496
16.968392,0.058798
17.149232999999995,0.104357
17.329972999999995,0.150316
17.510573,0.196819
17.690995,0.244008
17.871198,0.292027
18.051140000000004,0.341017
18.230775,0.391119
18.410055,0.442473
18.588931000000002,0.495221
18.767348,0.549499
18.945249000000004,0.605445
19.122573000000003,0.663196
19.299253,0.722886
19.475218999999996,0.784647
19.650396999999998,0.84861
19.824706,0.914903
19.998061,0.983653
20.17037,1.054982
20.341537000000002,1.129011
20.511458000000005,1.205856
20.680023,1.285631
20.847116,1.368443
21.012614,1.454398
21.176388000000003,1.543595
21.338300000000004,1.636128
21.498205999999996,1.732085
21.655954,1.831548
21.811386999999996,1.934592
21.964337999999998,2.041285
22.114633999999995,2.151686
22.262094000000005,2.265847
22.406531,2.383809
22.486216,2.451483
22.565092,2.5201
22.643146,2.589648
22.720368999999998,2.660119
22.796750000000003,2.731502
22.872276999999997,2.803788
22.946939999999998,2.876965
23.020728,2.951025
23.093632,3.025956
23.165639999999996,3.101748
23.236742,3.178389
23.306928999999997,3.255871
23.376191,3.33418
23.444517000000005,3.413307
23.511899,3.49324
23.578326000000004,3.573967
23.643788999999998,3.655478
23.708280000000002,3.737761
23.771789,3.820805
23.834305999999998,3.904597
23.895824000000005,3.989126
23.956333,4.074379
24.015825,4.160346
24.074291000000002,4.247013
24.131724,4.334369
24.188114999999996,4.4224
24.243456000000002,4.511096
24.297740000000005,4.600443
24.350958,4.690428
24.403104,4.781039
24.454170000000005,4.872263
24.504148,4.964087
24.553032,5.056499
24.600814,5.149485
24.647487999999996,5.243032
24.693048000000005,5.337127
24.737487,5.431756
24.780799000000002,5.526907
24.822977,5.622565
24.864015000000002,5.718718
24.903909,5.815352
24.942652000000002,5.912453
24.980238,6.010007
25.016663,6.108
25.051921,6.20642
25.086007000000002,6.305251
25.118916999999996,6.404481
25.150646000000002,6.504094
25.181189000000003,6.604077
25.210542000000004,6.704416
25.238701,6.805097
25.265662,6.906105
25.291421999999997,7.007427
25.315975,7.109047
25.33932,7.210951
25.361452,7.313126
25.38237,7.415557
25.402068,7.518229
25.420546,7.621127
25.437799999999996,7.724238
25.453828,7.827546
25.468626999999998,7.931038
25.482196000000002,8.034698
25.494532,8.138512
25.505634,8.242465
25.515501,8.346543
25.52413,8.450731
25.531520999999998,8.555014
25.537672999999998,8.659377
25.542583999999998,8.763806
25.546255000000002,8.868286
25.548684,8.972802
25.549870999999996,9.07734
25.549816,9.181884
25.548519,9.286421
25.545980999999998,9.390934
25.542201,9.49541
25.53718,9.599834
25.530918999999997,9.704191
25.523419000000004,9.808466
25.51468,9.912645
25.504704000000004,10.016712
25.493493,10.120654
25.481048,10.224455
25.467371,10.328101
25.452463,10.431577
25.436327,10.534868
25.418965,10.637961
25.400379,10.74084
25.380573,10.843491
25.359548000000004,10.9459
25.337308999999998,11.048051
25.313857,11.149931
25.289197,11.251526
25.263332,11.35282
25.236265000000003,11.4538
25.208,11.554451
25.178542,11.654759
25.147894,11.75471
25.116061000000002,11.85429
25.083047,11.953485
25.048856999999998,12.052281
25.013496000000004,12.150663
24.976968,12.248619
24.939279,12.346134
24.900435,12.443194
24.860439999999997,12.539785
24.819300999999996,12.635895
24.777023,12.731509
24.733610999999996,12.826615
24.689073,12.921197
24.643415000000005,13.015244
24.596642000000003,13.108742
24.548761999999996,13.201678
24.499781999999996,13.294038
24.449707000000004,13.38581
24.398545999999996,13.476981
24.346306,13.567537
24.292992999999996,13.657467
24.238616,13.746757
24.183182000000002,13.835394
24.126698000000005,13.923367
24.069174000000004,14.010662
24.010616999999996,14.097268
23.951034,14.183172
23.890436,14.268362
23.828829999999996,14.352826
23.766225,14.436553
23.702629,14.51953
23.638052000000002,14.601745
23.572502999999998,14.683187
23.505992,14.763845
23.438525999999996,14.843708
23.370117,14.922763
23.300773,15.001
23.230505,15.078407
23.159322000000003,15.154974
23.087235,15.23069
23.014252999999997,15.305545
22.940387,15.379527
22.865646999999996,15.452627
22.790045,15.524833
22.713589,15.596136
22.636291999999997,15.666526
22.558165000000002,15.735992
22.479217,15.804526
22.399461000000002,15.872117
22.318908,15.938755
22.237569,16.004432
22.155455000000003,16.069138
22.072578,16.132864
21.988950000000003,16.195601
21.904583000000002,16.25734
21.819488,16.318072
21.733677999999998,16.377789
21.647164000000004,16.436483
21.559960000000004,16.494144
21.472076,16.550766
21.383526000000003,16.606339
21.294322,16.660857
21.204476,16.714311
21.114002,16.766694
21.022911999999998,16.817998
20.931219,16.868217
20.838936000000004,16.917343
20.746075000000005,16.965369
20.652651,17.012288
20.558676,17.058095
20.464163,17.102781
20.369126,17.146342
20.273578999999998,17.18877
20.177534,17.230061
20.081005000000005,17.270208
19.984006,17.309205
19.886550999999997,17.347046
19.788652999999996,17.383728
19.690326,17.419244
19.591583999999997,17.453589
19.492441999999997,17.486759
19.392911999999995,17.518749
19.293008999999998,17.549554
19.192746999999997,17.57917
19.09214,17.607593
18.991203,17.634818
18.88995,17.660843
18.788393999999997,17.685663
18.686551,17.709275
18.584435,17.731675
18.482059,17.75286
18.379440000000002,17.772828
18.27659,17.791575
18.173524999999998,17.809099
18.070257999999995,17.825398
17.966806,17.840468
17.863181999999995,17.854308
17.7594,17.866917
17.655477000000005,17.878292
17.551425000000002,17.888431
17.44726,17.897333
17.342996999999997,17.904997
17.23865,17.911423
17.134235000000004,17.916608
17.029764999999998,17.920552
16.925255,17.923255
16.820721,17.924716
16.716177000000002,17.924935
16.611637,17.923912
16.507117,17.921648
16.402631999999997,17.918141
16.298195,17.913394
16.193821999999997,17.907407
16.089528,17.90018
15.985326999999998,17.891714
15.881234,17.882011
15.777262999999998,17.871072
15.673429999999996,17.858899
15.569748000000004,17.845493
15.466234,17.830857
15.362899999999996,17.814992
15.259762000000002,17.7979
15.156835000000001,17.779584
15.054131999999996,17.760047
14.951669000000003,17.739291
14.849458999999996,17.717319
14.747518,17.694135
14.645859000000002,17.669741
14.544498,17.644141
14.443446999999999,17.617339
14.342723,17.589338
14.242337,17.560142
14.142305999999998,17.529757
14.042642999999998,17.498185
13.943362,17.465431
13.844476999999998,17.4315
13.746002,17.396396
13.647950999999999,17.360126
13.550338,17.322693
13.453177,17.284103
13.356481000000002,17.244361
13.260263000000002,17.203474
13.164538999999998,17.161446
13.069319999999998,17.118284
12.974620999999999,17.073994
12.880454999999998,17.028583
12.786833999999999,16.982055
12.693773,16.934419
12.601285,16.885681
12.509381999999999,16.835847
12.418078000000001,16.784925
12.327385,16.732922
12.237316,16.679845
12.147884000000001,16.625702
12.059102,16.5705
11.970981000000002,16.514248
11.883536,16.456952
11.796776999999999,16.398622
11.710716999999999,16.339265
11.625368000000002,16.27889
11.540742000000002,16.217506
11.456851999999998,16.15512
11.373708999999998,16.091742
11.291325,16.027381
11.209710999999999,15.962046
11.128879000000001,15.895746
11.048839999999998,15.82849
10.969605999999999,15.760288
10.891188,15.691149
10.813596,15.621084
10.736843,15.550102
10.660938000000002,15.478214
10.585892000000001,15.405428
10.511717,15.331756
10.438422,15.257209
10.366018,15.181795
10.294514,15.105527
10.223922000000002,15.028415
10.154251000000002,14.95047
10.085511,14.871702
10.017710999999998,14.792124
9.950862,14.711745
9.884972000000001,14.630578
9.820051,14.548634
9.756108000000001,14.465925
9.693152999999999,14.382462
9.631193,14.298256
9.570238,14.213321
9.510296,14.127668
9.451376,14.041308
9.393486,13.954255
9.336634,13.86652
9.280829,13.778115
9.226078000000001,13.689055
9.172387999999998,13.599349
9.119768999999998,13.509013
9.068226,13.418058
9.017767,13.326496
8.968399999999999,13.234342
8.92013,13.141608
8.872965999999998,13.048307
8.826914000000002,12.954452
8.78198,12.860057
8.73817,12.765135
8.695491,12.669699
8.653949,12.573762
8.61355,12.477339
8.574299,12.380443
8.536200999999998,12.283087
8.499264,12.185285
8.46349,12.087052
8.428885999999999,11.988401
8.395457,11.889345
8.363205999999998,11.789899
8.332138999999998,11.690078
8.302261000000001,11.589894
8.273574,11.489362
8.246084,11.388497
8.219794,11.287312
8.194707999999999,11.185822
8.170830000000002,11.084041
8.148162,10.981983
8.126708999999998,10.879664
8.106472,10.777097
8.087454999999999,10.674296
8.069661,10.571277
8.053092,10.468054
8.037751,10.364642
8.023639,10.261054
8.010758,10.157306
7.999110999999999,10.053412
7.9887000000000015,9.949388
7.979523999999998,9.845247
7.9715869999999995,9.741004
7.964888000000002,9.636674
7.959429999999998,9.532273
7.9552119999999995,9.427813
7.952235000000002,9.323311
7.950499999999998,9.218781
7.950006999999999,9.114238
7.950755000000001,9.009696
7.952745999999998,8.905171
7.955978000000002,8.800676
7.960452,8.696228
7.966166000000001,8.591839
7.9731200000000015,8.487527
7.981312000000003,8.383304
7.990741999999997,8.279185
8.001407999999998,8.175186
8.013309,8.071322
8.026443999999998,7.967606
8.040809,7.864053
8.056403,7.760678
8.073225,7.657496
8.091270999999999,7.554521
8.110539,7.451767
8.131025999999999,7.34925
8.152729999999998,7.246983
8.175646999999998,7.144981
8.199775000000002,7.043259
8.225109,6.941831
8.251646000000001,6.84071
8.279383,6.739913
8.308315,6.639451
8.338439000000001,6.539341
8.369748999999999,6.439595
8.402242999999999,6.340229
8.435915000000001,6.241255
8.470759999999999,6.142689
8.506773000000003,6.044543
8.543950000000002,5.946832
8.582286,5.84957
8.621774000000002,5.75277
8.662409,5.656446
8.704185000000003,5.560611
8.747097,5.46528
8.791139000000001,5.370465
8.836303999999998,5.27618
8.882586,5.182438
8.929977999999998,5.089253
8.978473999999999,4.996637
9.028067,4.904604
9.078749000000002,4.813166
9.130513999999998,4.722337
9.183354999999999,4.63213
9.237262999999999,4.542556
9.292231999999998,4.45363
9.348254,4.365362
9.40532,4.277766
9.463422000000001,4.190855
9.522554,4.10464
9.582705,4.019133
9.643867,3.934347
9.706032999999998,3.850294
9.769193000000001,3.766985
9.833338000000001,3.684432
9.898458999999999,3.602647
9.964547,3.521641
10.031593,3.441427
10.099587,3.362014
10.168519,3.283415
10.238381,3.20564
10.309162,3.128701
10.380851,3.052608
10.45344,2.977372
10.526917000000001,2.903004
10.601272000000002,2.829514
10.676496,2.756912
10.752576000000001,2.685209
10.829502999999999,2.614415
10.907264999999999,2.54454
10.985852000000001,2.475594
11.065252999999998,2.407586
11.145456,2.340526
11.22645,2.274424
11.308224,2.209288
11.390765000000002,2.145129
11.474063000000001,2.081955
11.558106000000002,2.019774
11.642881,1.958597
11.728377000000002,1.898431
11.814582000000001,1.839285
11.901482999999999,1.781167
11.989069,1.724085
12.077327,1.668049
12.166243999999999,1.613064
12.255808000000002,1.55914
12.346006,1.506284
12.436826,1.454503
12.528255000000001,1.403804
12.620279,1.354195
12.712887000000002,1.305683
12.806064,1.258275
12.899798,1.211977
12.994075000000002,1.166795
13.088881999999998,1.122737
13.184206,1.079808
13.280033,1.038015
13.376350000000002,0.997363
13.473143,0.957858
13.570399000000002,0.919506
13.668103000000002,0.882312
13.766241999999998,0.846281
13.864803000000002,0.811419
13.96377,0.77773
14.063130999999998,0.745219
14.162870999999999,0.71389
14.262976000000002,0.683749
14.363433,0.6548
14.464226,0.627045
14.565341,0.60049
14.666764999999998,0.575138
14.768483000000003,0.550993
14.870480999999998,0.528058
14.972743999999999,0.506336
15.075257999999998,0.485831
15.178007999999998,0.466545
15.28098,0.448481
15.384158999999997,0.431642
15.487531000000004,0.416029
15.591081000000003,0.401646
15.694795,0.388494
15.798658000000003,0.376575
15.902654999999996,0.36589
16.006771999999998,0.356442
16.110993,0.348231
16.215305,0.341259
16.319692000000003,0.335527
16.42414,0.331035
16.528633999999997,0.327785
16.633159,0.325776
16.737701,0.325009
16.842244,0.325483
16.946774000000005,0.3272
17.051277,0.330159
17.155737000000002,0.334359
17.26014,0.339799
17.364469999999997,0.346479
17.468714,0.354399
17.572857,0.363556
17.676884,0.373949
17.780778999999995,0.385578
17.884529,0.39844
17.988119999999995,0.412534
18.091535,0.427858
18.194761,0.444409
18.297782999999995,0.462185
18.400587,0.481183
18.503157,0.501402
18.60548,0.522838
18.707542000000004,0.545488
18.809326999999996,0.569348
18.910821,0.594417
19.012011,0.620689
19.112881,0.648161
19.213418000000004,0.67683
19.313607000000005,0.706691
19.413433999999995,0.737741
19.512884999999997,0.769974
19.611947,0.803386
19.710604000000004,0.837973
19.808844,0.873729
19.906652,0.91065
20.004013999999998,0.94873
20.100916999999995,0.987964
20.197347999999998,1.028347
20.293290999999996,1.069872
20.388734999999997,1.112534
20.483665000000002,1.156327
20.578068000000002,1.201245
20.671931,1.247281
20.76524,1.294429
20.857983000000004,1.342682
20.950145,1.392033
21.041716,1.442476
21.13268,1.494003
21.223026000000004,1.546607
21.312739999999998,1.60028
21.401809999999998,1.655016
21.490223999999998,1.710806
21.577968999999996,1.767642
21.665033,1.825517
21.751402999999996,1.884422
21.837067000000005,1.944349
21.922013,2.005289
22.006229000000005,2.067234
22.089703,2.130175
22.172424,2.194104
22.254379,2.25901
22.335557,2.324886
22.415947000000003,2.391721
22.495537999999996,2.459507
22.574317,2.528234
22.652275000000003,2.597891
22.729399,2.66847
22.805679999999995,2.73996
22.881106000000003,2.812351
22.955666,2.885633
23.029351,2.959795
23.10215,3.034828
23.174052000000003,3.11072
23.245047,3.187461
23.315126,3.265041
23.384278000000002,3.343447
23.452494,3.422669
23.519762999999998,3.502696
23.586078,3.583516
23.651426999999998,3.665119
23.715803,3.747492
23.779195,3.830624
23.841594999999998,3.914503
23.902995000000004,3.999118
23.963385000000002,4.084456
24.022757,4.170506
24.081102,4.257255
24.138413,4.34469
24.194681000000003,4.432801
24.249898,4.521574
24.304056000000003,4.610996
24.357149,4.701056
24.409168,4.79174
24.460105999999996,4.883035
24.509956000000003,4.974929
24.558709999999998,5.067409
24.606363,5.160462
24.652906,5.254074
24.698335,5.348232
24.742641,5.442924
24.78582,5.538135
24.827863999999998,5.633852
24.868768000000003,5.730062
24.908527,5.826751
24.947134,5.923906
24.984583999999998,6.021513
25.020871,6.119557
25.055992000000003,6.218026
25.08994,6.316905
25.122711000000002,6.41618
25.154301000000004,6.515838
25.184703999999996,6.615864
25.213917000000002,6.716244
25.241936000000003,6.816964
25.268755,6.918009
25.294373,7.019367
25.318785,7.121021
25.341987000000003,7.222958
25.363976,7.325164
25.384749999999997,7.427624
25.404306,7.530323
25.422639000000004,7.633247
25.439749,7.736382
25.455632,7.839713
25.470287,7.943225
25.483711,8.046904
25.495902,8.150735
25.506859,8.254704
25.516579999999998,8.358795
25.525064,8.462995
25.532308999999998,8.567288
25.538314999999997,8.67166
25.543081,8.776096
25.546605,8.880581
25.548887999999998,8.9851
25.549929,9.089639
25.549728,9.194184
25.548285,9.298718
25.545600999999998,9.403228
25.541674999999998,9.507699
25.536507999999998,9.612115
25.530101000000002,9.716463
25.522455,9.820728
25.513571,9.924894
25.50345,10.028947
25.492092999999997,10.132873
25.479503,10.236657
25.46568,10.340283
25.450628000000002,10.443738
25.434348,10.547007
25.416842000000003,10.650076
25.398111999999998,10.752929
25.378163,10.855552
25.356994999999998,10.957931
25.334612999999997,11.060052
25.311019,11.161899
25.286217,11.263459
25.26021,11.364717
25.233002,11.465658
25.204596000000002,11.56627
25.174998000000002,11.666537
25.14421,11.766445
25.112237999999998,11.865981
25.079086000000004,11.965129
25.044757000000004,12.063877
25.009259,12.16221
24.972594,12.260114
24.934769000000003,12.357576
24.895789,12.454582
24.85566,12.551118
24.814386,12.64717
24.771974,12.742725
24.728430000000003,12.837769
24.68376,12.93229
24.637969999999996,13.026273
24.591066999999995,13.119705
24.543057000000005,13.212574
24.493947,13.304866
24.443745,13.396568
24.392455999999996,13.487667
24.340089,13.57815
24.286651,13.668005
24.232149,13.757219
24.176591000000002,13.845778
24.119985,13.933672
24.062337999999997,14.020887
24.003659999999996,14.107411
23.943958000000002,14.193232
23.88324,14.278337
23.821516000000003,14.362715
23.758794,14.446354
23.695082999999997,14.529242
23.630391000000003,14.611367
23.564728000000002,14.692718
23.498103999999998,14.773283
23.430526999999998,14.85305
23.362007,14.93201
23.292553999999996,15.01015
23.222178,15.087459
23.150888000000002,15.163926
23.078694999999996,15.239542
23.005607999999995,15.314294
22.931639000000004,15.388173
22.856797999999998,15.461168
22.781093999999996,15.533269
22.704538999999997,15.604465
22.627144,15.674747
22.548918999999998,15.744104
22.469876,15.812527
22.390026,15.880006
22.309379,15.946532
22.227947999999998,16.012095
22.145744,16.076686
22.062778,16.140296
21.979062999999996,16.202916
21.894609000000003,16.264537
21.80943,16.325151
21.723535999999996,16.384748
21.636941,16.44332
21.549655,16.50086
21.461692999999997,16.557359
21.373064999999997,16.612808
21.283785,16.667201
21.193865000000002,16.720529
21.103317000000004,16.772786
21.012156000000004,16.823963
20.920392,16.874053
20.828041,16.92305
20.735113,16.970946
20.641622999999996,17.017735
20.547584,17.06341
20.453009,17.107964
20.357912,17.151392
20.262304999999998,17.193687
20.166202,17.234844
20.069618,17.274855
19.972564,17.313717
19.875056,17.351422
19.777107,17.387967
19.678731,17.423345
19.579940999999998,17.457553
19.480751999999995,17.490584
19.381178,17.522434
19.281232000000003,17.5531
19.180929,17.582576
19.080281999999997,17.610858
18.979307,17.637942
18.878017999999997,17.663826
18.776427999999996,17.688503
18.674552,17.711973
18.572404,17.73423
18.469999,17.755273
18.367351,17.775097
18.264475000000004,17.7937
18.161386,17.81108
18.058097000000004,17.827234
17.954623999999995,17.84216
17.85098,17.855856
17.747180999999998,17.868319
17.643242,17.879549
17.539175999999998,17.889542
17.434999000000005,17.898299
17.330725,17.905818
17.226369,17.912097
17.121947,17.917136
17.017471,17.920934
16.912958000000003,17.923491
16.808422,17.924806
16.703877,17.924879
16.599339,17.92371
16.494822999999997,17.921299
16.390342000000004,17.917647
16.285911999999996,17.912754
16.181548,17.906621
16.077264,17.899248
15.973075000000001,17.890637
15.868994999999998,17.880788
15.765039999999999,17.869704
15.661224000000004,17.857386
15.557561,17.843835
15.454067000000002,17.829054
15.350756000000004,17.813044
15.247641999999999,17.795809
15.144739999999999,17.777349
15.042065000000001,17.757668
14.939630999999999,17.736769
14.837451999999999,17.714654
14.735543,17.691327
14.633918999999999,17.666791
14.532592999999999,17.64105
14.43158,17.614107
14.330894999999998,17.585965
14.230550000000001,17.556629
14.130561999999998,17.526104
14.030943,17.494392
13.931708,17.4615
13.83287,17.427431
13.734445000000001,17.39219
13.636445000000002,17.355782
13.538884,17.318213
13.441776,17.279487
13.345136,17.23961
13.248975999999999,17.198588
13.153309999999998,17.156427
13.058152,17.113132
12.963515000000001,17.06871
12.869412,17.023167
12.775857000000002,16.976508
12.682862,16.928742
12.590442,16.879875
12.498609000000002,16.829912
12.407376,16.778863
12.316755999999998,16.726733
12.226761,16.67353
12.137405000000001,16.619262
12.0487,16.563937
11.960657999999999,16.507561
11.873293,16.450143
11.786615000000001,16.391692
11.700637999999998,16.332215
11.615374,16.271721
11.530835,16.210218
11.447032,16.147715
11.363976999999998,16.084221
11.281683000000001,16.019745
11.20016,15.954296
11.119420999999999,15.887883
11.039476,15.820515
10.960338,15.752202
10.882016,15.682954
10.804523,15.612781
10.727868999999998,15.541692
10.652064,15.469697
10.577120999999998,15.396807
10.503048,15.323031
10.429856999999998,15.248381
10.357559000000002,15.172867
10.286162000000001,15.096499
10.215678,15.019288
10.146116,14.941245
10.077486,14.862382
10.009796999999999,14.782709
9.94306,14.702237
9.877284,14.620978
9.812477999999999,14.538943
9.748649999999998,14.456145
9.685811000000001,14.372593
9.623968999999999,14.288302
9.563133,14.203281
9.503311,14.117544
9.444512,14.031102
9.386743,13.943968
9.330013999999998,13.856154
9.274332999999999,13.767672
9.219706000000002,13.678534
9.166142,13.588754
9.113648999999999,13.498344
9.062232999999999,13.407317
9.011902,13.315685
8.962664,13.223462
8.914524,13.130661
8.86749,13.037294
8.821569,12.943375
8.776767,12.848917
8.73309,12.753933
8.690545,12.658438
8.649137,12.562443
8.608871999999998,12.465964
8.569757,12.369013
8.531796,12.271604
8.494993999999998,12.173751
8.459358000000002,12.075467
8.424892,11.976768
8.391601000000001,11.877666
8.359490000000001,11.778175
8.328563000000003,11.67831
8.298824,11.578084
8.270277999999998,11.477513
8.242929,11.376609
8.216780999999997,11.275387
8.191836000000002,11.173862
8.168100000000003,11.072048
8.145575000000001,10.969959
8.124265000000001,10.86761
8.104171000000001,10.765014
8.085298000000002,10.662188
8.067647999999998,10.559144
8.051223999999998,10.455898
8.036027,10.352464
8.022058999999999,10.248856
8.009324,10.145091
7.997821999999999,10.041181
7.987555999999998,9.937142
7.978526000000002,9.832988
7.970734,9.728734
7.964182000000001,9.624395
7.958869,9.519986
7.954796999999999,9.415521
7.951965999999999,9.311015
7.950377,9.206482
7.950029999999998,9.101939
7.950924999999998,8.997398
7.953061999999999,8.892875
7.956440000000001,8.788386
7.96106,8.683943
7.966920000000002,8.579563
7.974018999999998,8.47526
7.982357,8.371049
7.9919329999999995,8.266944
8.000139,8.162673
8.009587,8.058477
8.020277,7.954369
8.032206000000002,7.850365
8.045375,7.746479
8.059781999999998,7.642726
8.075426,7.539121
8.092306,7.435678
8.110419999999998,7.332413
8.129764999999999,7.22934
8.150340999999997,7.126473
8.172144,7.023828
8.195173,6.921419
8.219425000000001,6.81926
8.244896,6.717367
8.271586,6.615754
8.299489000000001,6.514436
8.328603999999999,6.413426
8.358926,6.312739
8.390452,6.212391
8.423178999999998,6.112395
8.457101999999999,6.012765
8.492217,5.913516
8.528520999999998,5.814663
8.566008,5.716219
8.604674,5.618198
8.644514000000001,5.520616
8.685523,5.423485
8.727697,5.32682
8.771028999999999,5.230635
8.815515000000001,5.134943
8.861149000000001,5.039759
8.907924999999999,4.945096
8.955836999999999,4.850968
9.004878999999999,4.757389
9.055043999999999,4.664372
9.106327,4.571931
9.158719999999999,4.480078
9.212218,4.388829
9.266812000000002,4.298195
9.322496000000001,4.208189
9.379263000000002,4.118826
9.437104999999999,4.030118
9.496015,3.942078
9.555985,3.854718
9.617007000000001,3.768053
9.679072999999999,3.682093
9.742175,3.596853
9.806305000000002,3.512343
9.871454,3.428578
9.937612999999999,3.345568
10.004774000000001,3.263327
10.072928000000001,3.181865
10.142066,3.101197
10.212178000000002,3.021332
10.283256000000002,2.942283
10.355288999999999,2.864062
10.428268,2.78668
10.502184,2.710148
10.577026,2.634479
10.652784,2.559682
10.729448999999999,2.48577
10.807009,2.412753
10.885455,2.340642
10.964776,2.269448
11.044961,2.199181
11.125998,2.129852
11.207878999999998,2.061472
11.290590000000002,1.99405
11.374120999999999,1.927596
11.458461,1.862121
11.543599,1.797634
11.629521,1.734146
11.716217999999998,1.671665
11.803677,1.610201
11.891885000000002,1.549764
11.980832,1.490362
12.070505,1.432004
12.160891,1.3747
12.251978999999999,1.318458
12.343755000000002,1.263287
12.436208,1.209195
12.529323999999999,1.15619
12.623090999999999,1.104281
12.717496,1.053475
12.812525,1.003781
12.908166999999999,0.955206
13.004406,0.907757
13.101232,0.861442
13.198629,0.816269
13.296584,0.772243
13.395085000000002,0.729373
13.494117,0.687664
13.593665999999999,0.647124
13.693719999999999,0.607758
13.794263,0.569574
13.895282000000002,0.532577
13.996763000000001,0.496773
14.098693,0.462167
14.201056000000001,0.428766
14.303837999999999,0.396575
14.407026000000002,0.365599
14.510604,0.335843
14.614559,0.307313
14.718876000000002,0.280012
14.823540000000001,0.253945
14.928536999999999,0.229117
15.033851999999996,0.205533
15.139470000000003,0.183195
15.245376999999998,0.162108
15.351557999999997,0.142277
15.457998000000003,0.123703
15.564681,0.106391
15.671593999999999,0.090343
15.77872,0.075563
15.886046,0.062054
15.993555999999998,0.049818
16.101233999999998,0.038858
16.209066,0.029175
16.317037,0.020773
16.425131,0.013653
16.533333,0.007816
16.641627999999997,0.003265
16.75,0.0
16.850372,0.0
16.950743000000003,0.0
17.051114999999996,0.0
17.151487000000003,0.0
17.251858999999996,0.0
17.35223,0.0
17.452602,0.0
17.552974,0.0
17.653346,0.0
17.753717,0.0
17.854089000000002,0.0
17.954460999999995,0.0
18.054833000000002,0.0
18.155203999999998,0.0
18.255576000000005,0.0
18.355947999999998,0.0
18.456320000000005,0.0
18.556691,0.0
18.657063,0.0
18.757435,0.0
18.857807,0.0
18.958178000000004,0.0
19.058549999999997,0.0
19.158922000000004,0.0
19.259293999999997,0.0
19.359665,0.0
19.460037,0.0
19.560409,0.0
19.660781,0.0
19.761151999999996,0.0
19.861524000000003,0.0
19.961895999999996,0.0
20.062268000000003,0.0
20.162639,0.0
20.263011,0.0
20.363383,0.0
20.463755,0.0
20.564126,0.0
20.664498000000002,0.0
20.764870000000002,0.0
20.865242000000002,0.0
20.965613000000005,0.0
21.065984999999998,0.0
21.166356999999998,0.0
21.266728999999998,0.0
21.3671,0.0
21.467472,0.0
21.567844,0.0
21.668216,0.0
21.768586999999997,0.0
21.868959000000004,0.0
21.969330999999997,0.0
22.069703000000004,0.0
22.170074,0.0
22.270446,0.0
22.370818,0.0
22.47119,0.0
22.571561000000003,0.0
22.671932999999996,0.0
22.772305000000003,0.0
22.872676999999996,0.0
22.973048,0.0
23.07342,0.0
23.173792,0.0
23.274164,0.0
23.374535,0.0
23.474907,0.0
23.575279000000002,0.0
23.675651000000002,0.0
23.776021999999998,0.0
23.876394000000005,0.0
23.976765999999998,0.0
24.077137999999998,0.0
24.177509,0.0
24.277881,0.0
24.378253,0.0
24.478625,0.0
24.578996000000004,0.0
24.679367999999997,0.0
24.779740000000004,0.0
24.880111999999997,0.0
24.980483,0.0
25.080855,0.0
25.181227,0.0
25.281599,0.0
25.381970000000003,0.0
25.482342000000003,0.0
25.582713999999996,0.0
25.683086000000003,0.0
25.783457,0.0
25.883829,0.0
25.984201,0.0
26.084572,0.0
26.184944,0.0
26.285316,0.0
26.385688000000002,0.0
26.486058999999997,0.0
26.586430999999997,0.0
26.686802999999998,0.0
26.787174999999998,0.0
26.887546,0.0
26.987918,0.0
27.08829,0.0
27.188662,0.0
27.289033000000003,0.0
27.389404999999996,0.0
27.489777000000004,0.0
27.590148999999997,0.0
27.69052,0.0
27.790892,0.0
27.891264,0.0
27.991636,0.0
28.092007000000002,0.0
28.192379000000003,0.0
28.292751000000003,0.0
28.393123000000003,0.0
28.493494,0.0
28.593866,0.0
28.694238,0.0
28.79461,0.0
28.894981,0.0
28.995353,0.0
29.095725,0.0
29.196097,0.0
29.296468000000004,0.0
29.396839999999997,0.0
29.497211999999998,0.0
29.597583999999998,0.0
29.697955,0.0
29.798327,0.0
29.898699,0.0
29.999071,0.0
30.099441999999996,0.0
30.199814000000003,0.0
30.300185999999997,0.0
30.400558000000004,0.0
30.500929,0.0
30.601301,0.0
30.701673,0.0
30.802045,0.0
30.902416000000002,0.0
31.002788000000002,0.0
31.103160000000003,0.0
31.203531999999996,0.0
31.303903,0.0
31.404275,0.0
31.504647,0.0
31.605019,0.0
31.70539,0.0
31.805762,0.0
31.906134,0.0
32.006506,0.0
32.106877,0.0
32.207249,0.0
32.307621,0.0
32.407993,0.0
32.508364,0.0
32.608736,0.0
32.709108,0.0
32.80948,0.0
32.909851,0.0
33.010222999999996,0.0
33.110595,0.0
33.210967,0.0
33.311338,0.0
33.41171,0.0
33.512082,0.0
33.612454,0.0
33.712824999999995,0.0
33.813197,0.0
33.913568999999995,0.0
34.013941,0.0
34.114312,0.0
34.214684,0.0
34.315056,0.0
34.415428,0.0
34.515799,0.0
34.616171,0.0
34.716543,0.0
34.816914,0.0
34.917286000000004,0.0
35.017658,0.0
35.118030000000005,0.0
35.218401,0.0
35.318773,0.0
35.419145,0.0
35.519517,0.0
35.619888,0.0
35.720259999999996,0.0
35.820632,0.0
35.921003999999996,0.0
36.021375,0.0
36.121747,0.0
36.222119,0.0
36.322491,0.0
36.422861999999995,0.0
36.523234,0.0
36.623605999999995,0.0
36.723978,0.0
36.824349,0.0
36.924721000000005,0.0
37.025093,0.0
37.125465,0.0
37.225836,0.0
37.326208,0.0
37.42658,0.0
37.526952,0.0
37.627323000000004,0.0
37.727695,0.0
37.828067000000004,0.0
37.928439,0.0
38.02881,0.0
38.129182,0.0
38.229554,0.0
38.329926,0.0
38.430296999999996,0.0
38.530669,0.0
38.631040999999996,0.0
38.731413,0.0
38.831784,0.0
38.932156,0.0
39.032528,0.0
39.1329,0.0
39.233271,0.0
39.333642999999995,0.0
39.434015,0.0
39.534386999999995,0.0
39.634758000000005,0.0
39.73513,0.0
39.835502000000005,0.0
39.935874,0.0
40.036245,0.0
40.136617,0.0
40.236989,0.0
40.337361,0.0
40.437732,0.0
40.538104000000004,0.0
40.638476,0.0
40.738848000000004,0.0
40.839219,0.0
40.939591,0.0
41.039963,0.0
41.140335,0.0
41.240706,0.0
41.341077999999996,0.0
41.44145,0.0
41.541821999999996,0.0
41.642193,0.0
41.742565,0.0
41.842937,0.0
41.943309,0.0
42.043679999999995,0.0
42.144052,0.0
42.244423999999995,0.0
42.344796,0.0
42.445167,0.0
42.545539000000005,0.0
42.645911,0.0
42.746283,0.0
42.846654,0.0
42.947026,0.0
43.047398,0.0
43.14777,0.0
43.248141000000004,0.0
43.348513,0.0
43.448885000000004,0.0
43.549257,0.0
43.649628,0.0
43.75,0.0
